﻿zip,city,county,pop
90011,Los Angeles,Los Angeles,111165
91331,Pacoima,Los Angeles,105458
90650,Norwalk,Los Angeles,105304
90201,Bell,Los Angeles,101965
90044,Los Angeles,Los Angeles,99443
92335,Fontana,San Bernardino,99306
92336,Fontana,San Bernardino,98346
94565,Pittsburg,Contra Costa,97671
90250,Hawthorne,Los Angeles,97072
90805,Long Beach,Los Angeles,95995
92503,Riverside,Riverside,95551
90280,South Gate,Los Angeles,94642
91342,Sylmar,Los Angeles,94595
91710,Chino,San Bernardino,91773
92683,Westminster,Orange,91105
92804,Anaheim,Orange,89915
92154,San Diego,San Diego,88979
92704,Santa Ana,Orange,88321
95076,Watsonville,Santa Cruz,86905
93307,Bakersfield,Kern,86832
92376,Rialto,San Bernardino,86085
91744,La Puente,Los Angeles,85421
92592,Temecula,Riverside,84930
94112,San Francisco,San Francisco,84707
93033,Oxnard,Ventura,84701
93722,Fresno,Fresno,84621
93727,Fresno,Fresno,84449
91911,Chula Vista,San Diego,84026
92126,San Diego,San Diego,82658
92345,Hesperia,San Bernardino,82110
91335,Reseda,Los Angeles,81824
92509,Riverside,Riverside,81383
91709,Chino Hills,San Bernardino,80701
94544,Hayward,Alameda,79747
95035,Milpitas,Santa Clara,79655
95823,Sacramento,Sacramento,79440
95630,Folsom,Sacramento,78159
93550,Palmdale,Los Angeles,77506
90706,Bellflower,Los Angeles,77195
91706,Baldwin Park,Los Angeles,76930
93257,Porterville,Tulare,76519
92553,Moreno Valley,Riverside,76102
94533,Fairfield,Solano,75909
90255,Huntington Park,Los Angeles,75019
91910,Chula Vista,San Diego,74855
94536,Fremont,Alameda,74837
94587,Union City,Alameda,74722
92805,Anaheim,Orange,74478
93535,Lancaster,Los Angeles,74264
93274,Tulare,Tulare,74000
90003,Los Angeles,Los Angeles,73730
92105,San Diego,San Diego,73623
92882,Corona,Riverside,73250
91730,Rancho Cucamonga,San Bernardino,72407
94110,San Francisco,San Francisco,72380
91766,Pomona,Los Angeles,72348
93306,Bakersfield,Kern,72280
91402,Panorama City,Los Angeles,72059
93065,Simi Valley,Ventura,71832
90262,Lynwood,Los Angeles,70536
93536,Lancaster,Los Angeles,70237
92021,El Cajon,San Diego,70148
92880,Corona,Riverside,69656
92563,Murrieta,Riverside,69469
92703,Santa Ana,Orange,69112
90631,La Habra,Orange,69064
95687,Vacaville,Solano,69060
90026,Los Angeles,Los Angeles,68906
92114,San Diego,San Diego,68851
95123,San Jose,Santa Clara,68766
92407,San Bernardino,San Bernardino,68545
94558,Napa,Napa,68315
94509,Antioch,Contra Costa,68166
90037,Los Angeles,Los Angeles,67640
93230,Hanford,Kings,67605
94080,South San Francisco,San Mateo,67600
94538,Fremont,Alameda,67474
90022,Los Angeles,Los Angeles,67014
95747,Roseville,Placer,66931
91343,North Hills,Los Angeles,66743
92801,Anaheim,Orange,66594
92677,Laguna Niguel,Orange,66314
95127,San Jose,Santa Clara,66256
95624,Elk Grove,Sacramento,65948
94541,Hayward,Alameda,65928
95758,Elk Grove,Sacramento,65811
92201,Indio,Riverside,65726
94015,Daly City,San Mateo,65041
95020,Gilroy,Santa Clara,64833
91977,Spring Valley,San Diego,64750
90019,Los Angeles,Los Angeles,64534
93906,Salinas,Monterey,64348
92115,San Diego,San Diego,64343
94513,Brentwood,Contra Costa,64313
94806,San Pablo,Contra Costa,64286
92562,Murrieta,Riverside,64286
95206,Stockton,San Joaquin,64250
92346,Highland,San Bernardino,63857
94501,Alameda,Alameda,63821
90042,Los Angeles,Los Angeles,63193
92627,Costa Mesa,Orange,63161
90660,Pico Rivera,Los Angeles,63001
92404,San Bernardino,San Bernardino,62915
91732,El Monte,Los Angeles,62905
91950,National City,San Diego,62859
90640,Montebello,Los Angeles,62730
91770,Rosemead,Los Angeles,62703
95608,Carmichael,Sacramento,62539
95112,San Jose,Santa Clara,62228
92647,Huntington Beach,Orange,62199
94122,San Francisco,San Francisco,62128
91702,Azusa,Los Angeles,62066
95014,Cupertino,Santa Clara,61866
95111,San Jose,Santa Clara,61830
91762,Ontario,San Bernardino,61718
93312,Bakersfield,Kern,61628
91761,Ontario,San Bernardino,61425
92707,Santa Ana,Orange,60831
92570,Perris,Riverside,60686
90731,San Pedro,Los Angeles,60659
90004,Los Angeles,Los Angeles,60541
93905,Salinas,Monterey,60531
92057,Oceanside,San Diego,60414
92324,Colton,San Bernardino,59972
92504,Riverside,Riverside,59896
95051,Santa Clara,Santa Clara,59851
90001,Los Angeles,Los Angeles,59832
92020,El Cajon,San Diego,59743
95355,Modesto,Stanislaus,59621
90006,Los Angeles,Los Angeles,59576
92780,Tustin,Orange,59499
92630,Lake Forest,Orange,59403
93291,Visalia,Tulare,59270
90066,Los Angeles,Los Angeles,59167
92507,Riverside,Riverside,59152
95828,Sacramento,Sacramento,58717
93117,Goleta,Santa Barbara,58546
93309,Bakersfield,Kern,58538
93030,Oxnard,Ventura,58422
92113,San Diego,San Diego,58408
92392,Victorville,San Bernardino,58393
90813,Long Beach,Los Angeles,58380
92530,Lake Elsinore,Riverside,58184
92071,Santee,San Diego,57710
92571,Perris,Riverside,57622
94109,San Francisco,San Francisco,57302
93458,Santa Maria,Santa Barbara,57256
92117,San Diego,San Diego,56983
92708,Fountain Valley,Orange,56953
90745,Carson,Los Angeles,56930
90744,Wilmington,Los Angeles,56880
92027,Escondido,San Diego,56788
91764,Ontario,San Bernardino,56677
94087,Sunnyvale,Santa Clara,56668
93063,Simi Valley,Ventura,56458
93436,Lompoc,Santa Barbara,56323
92130,San Diego,San Diego,56134
95122,San Jose,Santa Clara,56121
92646,Huntington Beach,Orange,55870
95116,San Jose,Santa Clara,55825
95376,Tracy,San Joaquin,55655
94568,Dublin,Alameda,55608
92223,Beaumont,Riverside,55580
95670,Rancho Cordova,Sacramento,55558
91405,Van Nuys,Los Angeles,55506
93313,Bakersfield,Kern,55221
91745,Hacienda Heights,Los Angeles,55202
94591,Vallejo,Solano,55157
92701,Santa Ana,Orange,55058
94539,Fremont,Alameda,54982
93215,Delano,Kern,54958
91406,Van Nuys,Los Angeles,54890
91801,Alhambra,Los Angeles,54768
92129,San Diego,San Diego,54762
92840,Garden Grove,Orange,54735
90723,Paramount,Los Angeles,54513
91304,Canoga Park,Los Angeles,54361
92234,Cathedral City,Riverside,54357
92399,Yucaipa,San Bernardino,54268
92584,Menifee,Riverside,54235
95350,Modesto,Stanislaus,54210
91913,Chula Vista,San Diego,54114
93308,Bakersfield,Kern,53981
90063,Los Angeles,Los Angeles,53980
90034,Los Angeles,Los Angeles,53861
91786,Upland,San Bernardino,53697
91344,Granada Hills,Los Angeles,53613
92870,Placentia,Orange,53600
90018,Los Angeles,Los Angeles,53490
95023,Hollister,San Benito,53423
92557,Moreno Valley,Riverside,53406
90002,Los Angeles,Los Angeles,53302
92505,Riverside,Riverside,53282
95125,San Jose,Santa Clara,53155
91605,North Hollywood,Los Angeles,53113
94601,Oakland,Alameda,53039
92025,Escondido,San Diego,52985
95648,Lincoln,Placer,52949
90220,Compton,Los Angeles,52817
92620,Irvine,Orange,52569
92833,Fullerton,Orange,52435
92056,Oceanside,San Diego,52337
93277,Visalia,Tulare,52271
95207,Stockton,San Joaquin,52269
92656,Aliso Viejo,Orange,52268
95616,Davis,Yolo,52212
95037,Morgan Hill,Santa Clara,51994
90221,Compton,Los Angeles,51688
93003,Ventura,Ventura,51629
90024,Los Angeles,Los Angeles,51627
92084,Vista,San Diego,51619
95124,San Jose,Santa Clara,51455
90047,Los Angeles,Los Angeles,51411
92024,Encinitas,San Diego,51381
92128,San Diego,San Diego,51357
90046,Los Angeles,Los Angeles,50900
92691,Mission Viejo,Orange,50839
92886,Yorba Linda,Orange,50784
92111,San Diego,San Diego,50693
91767,Pomona,Los Angeles,50606
92626,Costa Mesa,Orange,50605
93551,Palmdale,Los Angeles,50601
90703,Cerritos,Los Angeles,50589
92078,San Marcos,San Diego,50510
94086,Sunnyvale,Santa Clara,50477
92243,El Centro,Imperial,50402
92069,San Marcos,San Diego,50376
94550,Livermore,Alameda,50374
92026,Escondido,San Diego,50321
90057,Los Angeles,Los Angeles,50152
92127,San Diego,San Diego,49935
93638,Madera,Madera,49932
92544,Hemet,Riverside,49923
92064,Poway,San Diego,49805
94553,Martinez,Contra Costa,49784
91306,Winnetka,Los Angeles,49678
90638,La Mirada,Los Angeles,49227
90630,Cypress,Orange,49205
94014,Daly City,San Mateo,49170
90033,Los Angeles,Los Angeles,49155
93304,Bakersfield,Kern,49115
93611,Clovis,Fresno,49053
92618,Irvine,Orange,48997
95240,Lodi,San Joaquin,48799
95351,Modesto,Stanislaus,48542
90247,Gardena,Los Angeles,48293
95148,San Jose,Santa Clara,48273
94303,Palo Alto,San Mateo,48244
92028,Fallbrook,San Diego,48173
92122,San Diego,San Diego,48071
90032,Los Angeles,Los Angeles,48031
92879,Corona,Riverside,47872
95336,Manteca,San Joaquin,47855
95843,Antelope,Sacramento,47823
95060,Santa Cruz,Santa Cruz,47801
94577,San Leandro,Alameda,47682
95136,San Jose,Santa Clara,47476
94116,San Francisco,San Francisco,47346
92705,Santa Ana,Orange,47298
94551,Livermore,Alameda,47227
94560,Newark,Alameda,47171
92109,San Diego,San Diego,47111
93720,Fresno,Fresno,47081
91748,Rowland Heights,Los Angeles,47079
91352,Sun Valley,Los Angeles,47076
90025,Los Angeles,Los Angeles,46883
92843,Garden Grove,Orange,46873
92692,Mission Viejo,Orange,46800
90023,Los Angeles,Los Angeles,46680
92009,Carlsbad,San Diego,46612
91765,Diamond Bar,Los Angeles,46593
90065,Los Angeles,Los Angeles,46461
90620,Buena Park,Orange,46414
95008,Campbell,Santa Clara,46352
92040,Lakeside,San Diego,46306
95610,Citrus Heights,Sacramento,46305
95307,Ceres,Stanislaus,46283
92506,Riverside,Riverside,46241
92648,Huntington Beach,Orange,46228
90059,Los Angeles,Los Angeles,46185
93455,Santa Maria,Santa Barbara,46175
93010,Camarillo,Ventura,46063
92058,Oceanside,San Diego,46029
91367,Woodland Hills,Los Angeles,45970
90016,Los Angeles,Los Angeles,45899
94566,Pleasanton,Alameda,45893
90043,Los Angeles,Los Angeles,45873
93311,Bakersfield,Kern,45481
92236,Coachella,Riverside,45477
91790,West Covina,Los Angeles,45444
92104,San Diego,San Diego,45435
91733,South El Monte,Los Angeles,45365
95403,Santa Rosa,Sonoma,45096
92410,San Bernardino,San Bernardino,45052
95209,Stockton,San Joaquin,44980
91320,Newbury Park,Ventura,44968
92688,Rancho Santa Margarita,Orange,44832
90027,Los Angeles,Los Angeles,44770
95822,Sacramento,Sacramento,44741
92867,Orange,Orange,44655
94117,San Francisco,San Francisco,44650
93446,Paso Robles,San Luis Obispo,44636
90503,Torrance,Los Angeles,44605
92555,Moreno Valley,Riverside,44452
91789,Walnut,Los Angeles,44440
94403,San Mateo,San Mateo,44408
94546,Castro Valley,Alameda,44378
96003,Redding,Shasta,44328
94928,Rohnert Park,Sonoma,44323
91606,North Hollywood,Los Angeles,44295
92102,San Diego,San Diego,44010
94121,San Francisco,San Francisco,43616
93702,Fresno,Fresno,43601
94605,Oakland,Alameda,43399
94025,Menlo Park,San Mateo,43392
92374,Redlands,San Bernardino,43391
94521,Concord,Contra Costa,43281
92019,El Cajon,San Diego,43272
90241,Downey,Los Angeles,43215
91360,Thousand Oaks,Ventura,43121
94066,San Bruno,San Mateo,43101
95831,Sacramento,Sacramento,43094
95762,El Dorado Hills,El Dorado,43052
94531,Antioch,Contra Costa,43022
90604,Whittier,Los Angeles,42911
95380,Turlock,Stanislaus,42866
93726,Fresno,Fresno,42824
94010,Burlingame,San Mateo,42760
90242,Downey,Los Angeles,42694
94561,Oakley,Contra Costa,42473
90007,Los Angeles,Los Angeles,42433
94134,San Francisco,San Francisco,42418
92308,Apple Valley,San Bernardino,42207
90275,Rancho Palos Verdes,Los Angeles,42146
94118,San Francisco,San Francisco,42095
95678,Roseville,Placer,42053
91387,Canyon Country,Los Angeles,42034
93292,Visalia,Tulare,42031
95407,Santa Rosa,Sonoma,42026
92802,Anaheim,Orange,42016
90806,Long Beach,Los Angeles,41990
90501,Torrance,Los Angeles,41975
92545,Hemet,Riverside,41879
94578,San Leandro,Alameda,41865
92054,Oceanside,San Diego,41807
95132,San Jose,Santa Clara,41790
95621,Citrus Heights,Sacramento,41740
94901,San Rafael,Marin,41713
92591,Temecula,Riverside,41609
95210,Stockton,San Joaquin,41509
90815,Long Beach,Los Angeles,41312
95695,Woodland,Yolo,41278
93635,Los Banos,Merced,41180
92101,San Diego,San Diego,41159
93637,Madera,Madera,41108
91016,Monrovia,Los Angeles,41105
94804,Richmond,Contra Costa,40931
92253,La Quinta,Riverside,40929
95991,Yuba City,Sutter,40861
95628,Fair Oaks,Sacramento,40855
91311,Chatsworth,Los Angeles,40839
93706,Fresno,Fresno,40586
90045,Los Angeles,Los Angeles,40567
95404,Santa Rosa,Sonoma,40497
93454,Santa Maria,Santa Barbara,40432
90278,Redondo Beach,Los Angeles,40252
90605,Whittier,Los Angeles,40192
95835,Sacramento,Sacramento,40170
91942,La Mesa,San Diego,40151
92231,Calexico,Imperial,40064
95926,Chico,Butte,40000
90031,Los Angeles,Los Angeles,39916
95833,Sacramento,Sacramento,39905
93552,Palmdale,Los Angeles,39905
91739,Rancho Cucamonga,San Bernardino,39875
91401,Van Nuys,Los Angeles,39755
95129,San Jose,Santa Clara,39741
90005,Los Angeles,Los Angeles,39732
92083,Vista,San Diego,39509
91701,Rancho Cucamonga,San Bernardino,39461
92806,Anaheim,Orange,39442
93534,Lancaster,Los Angeles,39367
90808,Long Beach,Los Angeles,39330
92337,Fontana,San Bernardino,39240
90804,Long Beach,Los Angeles,39239
95765,Rocklin,Placer,39214
90020,Los Angeles,Los Angeles,39189
95301,Atwater,Merced,39186
95337,Manteca,San Joaquin,39177
92307,Apple Valley,San Bernardino,39149
95826,Sacramento,Sacramento,39145
95838,Sacramento,Sacramento,39053
94061,Redwood City,San Mateo,39023
94044,Pacifica,San Mateo,38984
94611,Oakland,Alameda,38975
90802,Long Beach,Los Angeles,38962
91763,Montclair,San Bernardino,38863
95401,Santa Rosa,Sonoma,38839
92675,San Juan Capistrano,Orange,38803
94954,Petaluma,Sonoma,38763
94520,Concord,Contra Costa,38753
95382,Turlock,Stanislaus,38700
95050,Santa Clara,Santa Clara,38699
95691,West Sacramento,Yolo,38690
91776,San Gabriel,Los Angeles,38664
93021,Moorpark,Ventura,38581
93245,Lemoore,Kings,38480
94555,Fremont,Alameda,38478
92508,Riverside,Riverside,38428
95205,Stockton,San Joaquin,38350
92543,Hemet,Riverside,38314
90301,Inglewood,Los Angeles,38234
94606,Oakland,Alameda,38220
92037,La Jolla,San Diego,38168
95120,San Jose,Santa Clara,38122
93711,Fresno,Fresno,38007
90036,Los Angeles,Los Angeles,37965
93305,Bakersfield,Kern,37902
91104,Pasadena,Los Angeles,37874
91001,Altadena,Los Angeles,37818
95928,Chico,Butte,37735
92821,Brea,Orange,37712
91205,Glendale,Los Angeles,37638
95121,San Jose,Santa Clara,37531
92065,Ramona,San Diego,37505
95825,Sacramento,Sacramento,37473
92831,Fullerton,Orange,37359
94590,Vallejo,Solano,37280
95688,Vacaville,Solano,37260
94588,Pleasanton,Alameda,37253
90810,Long Beach,Los Angeles,37251
90505,Torrance,Los Angeles,37220
95993,Yuba City,Sutter,37077
94404,San Mateo,San Mateo,36985
95128,San Jose,Santa Clara,36975
92869,Orange,Orange,36846
91601,North Hollywood,Los Angeles,36841
93705,Fresno,Fresno,36808
91711,Claremont,Los Angeles,36777
95062,Santa Cruz,Santa Cruz,36737
95973,Chico,Butte,36682
90029,Los Angeles,Los Angeles,36668
91362,Thousand Oaks,Ventura,36604
95476,Sonoma,Sonoma,36586
90012,Los Angeles,Los Angeles,36552
94040,Mountain View,Santa Clara,36526
95667,Placerville,El Dorado,36487
95820,Sacramento,Sacramento,36437
90049,Los Angeles,Los Angeles,36418
91326,Northridge,Los Angeles,36339
95126,San Jose,Santa Clara,36206
91350,Santa Clarita,Los Angeles,36173
91340,San Fernando,Los Angeles,36156
92139,San Diego,San Diego,36105
93012,Camarillo,Ventura,36052
94401,San Mateo,San Mateo,36001
92883,Corona,Riverside,35933
90062,Los Angeles,Los Angeles,35916
93405,San Luis Obispo,San Luis Obispo,35898
94603,Oakland,Alameda,35862
95340,Merced,Merced,35827
95821,Sacramento,Sacramento,35812
92706,Santa Ana,Orange,35748
94124,San Francisco,San Francisco,35747
91752,Mira Loma,Riverside,35694
92807,Anaheim,Orange,35687
93657,Sanger,Fresno,35666
90621,Buena Park,Orange,35598
94952,Petaluma,Sonoma,35503
90266,Manhattan Beach,Los Angeles,35500
95660,North Highlands,Sacramento,35461
92660,Newport Beach,Orange,35446
95361,Oakdale,Stanislaus,35308
92649,Huntington Beach,Orange,35278
92240,Desert Hot Springs,Riverside,35278
94583,San Ramon,Contra Costa,35231
91768,Pomona,Los Angeles,35191
93612,Clovis,Fresno,35140
91780,Temple City,Los Angeles,35133
94621,Oakland,Alameda,35035
94523,Pleasant Hill,Contra Costa,35005
93561,Tehachapi,Kern,34979
94114,San Francisco,San Francisco,34918
92394,Victorville,San Bernardino,34915
94063,Redwood City,San Mateo,34867
90277,Redondo Beach,Los Angeles,34827
90260,Lawndale,Los Angeles,34827
91206,Glendale,Los Angeles,34739
92131,San Diego,San Diego,34727
92103,San Diego,San Diego,34700
92260,Palm Desert,Riverside,34660
91722,Covina,Los Angeles,34631
94115,San Francisco,San Francisco,34604
91325,Northridge,Los Angeles,34575
93955,Seaside,Monterey,34566
96001,Redding,Shasta,34293
92301,Adelanto,San Bernardino,34250
92672,San Clemente,Orange,34218
96002,Redding,Shasta,34196
91750,La Verne,Los Angeles,34129
91007,Arcadia,Los Angeles,34116
91321,Newhall,Los Angeles,34014
92551,Moreno Valley,Riverside,34011
91773,San Dimas,Los Angeles,34007
95348,Merced,Merced,34002
93555,Ridgecrest,Kern,33833
93060,Santa Paula,Ventura,33773
92841,Garden Grove,Orange,33754
92595,Wildomar,Riverside,33649
91754,Monterey Park,Los Angeles,33636
92881,Corona,Riverside,33531
92220,Banning,Riverside,33525
95842,Sacramento,Sacramento,33522
91915,Chula Vista,San Diego,33485
93422,Atascadero,San Luis Obispo,33466
95901,Marysville,Yuba,33455
92311,Barstow,San Bernardino,33454
93710,Fresno,Fresno,33448
90504,Torrance,Los Angeles,33410
92116,San Diego,San Diego,33408
91791,West Covina,Los Angeles,33397
92373,Redlands,San Bernardino,33353
92612,Irvine,Orange,33234
90222,Compton,Los Angeles,33200
91423,Sherman Oaks,Los Angeles,33172
94526,Danville,Contra Costa,33135
95341,Merced,Merced,33090
90606,Whittier,Los Angeles,32987
91006,Arcadia,Los Angeles,32958
91604,Studio City,Los Angeles,32910
93703,Fresno,Fresno,32754
94545,Hayward,Alameda,32724
91351,Canyon Country,Los Angeles,32711
92583,San Jacinto,Riverside,32697
90230,Culver City,Los Angeles,32687
92679,Trabuco Canyon,Orange,32657
95356,Modesto,Stanislaus,32622
92124,San Diego,San Diego,32600
91354,Valencia,Los Angeles,32544
95358,Modesto,Stanislaus,32524
91107,Pasadena,Los Angeles,32503
92123,San Diego,San Diego,32473
95118,San Jose,Santa Clara,32421
93001,Ventura,Ventura,32396
92596,Winchester,Riverside,32256
93940,Monterey,Monterey,32236
90807,Long Beach,Los Angeles,32202
95662,Orangevale,Sacramento,32172
90803,Long Beach,Los Angeles,32126
95377,Tracy,San Joaquin,32091
90601,Whittier,Los Angeles,32053
94941,Mill Valley,Marin,32009
94610,Oakland,Alameda,31936
91941,La Mesa,San Diego,31918
95632,Galt,Sacramento,31911
90008,Los Angeles,Los Angeles,31754
91303,Canoga Park,Los Angeles,31586
94589,Vallejo,Solano,31536
93004,Ventura,Ventura,31525
95482,Ukiah,Mendocino,31482
93618,Dinuba,Tulare,31470
94107,San Francisco,San Francisco,31461
94132,San Francisco,San Francisco,31436
94102,San Francisco,San Francisco,31392
93101,Santa Barbara,Santa Barbara,31371
95661,Roseville,Placer,31315
95131,San Jose,Santa Clara,31236
92107,San Diego,San Diego,31223
90712,Lakewood,Los Angeles,31217
94801,Richmond,Contra Costa,31210
95070,Saratoga,Santa Clara,31196
94043,Mountain View,Santa Clara,31161
92203,Indio,Riverside,31140
94070,San Carlos,San Mateo,31074
94608,Emeryville,Alameda,31013
92173,San Ysidro,San Diego,31000
91505,Burbank,Los Angeles,30902
91214,La Crescenta,Los Angeles,30787
92673,San Clemente,Orange,30768
93420,Arroyo Grande,San Luis Obispo,30740
95472,Sebastopol,Sonoma,30736
93662,Selma,Fresno,30725
94103,San Francisco,San Francisco,30703
91607,Valley Village,Los Angeles,30611
92120,San Diego,San Diego,30550
90680,Stanton,Orange,30531
91355,Valencia,Los Angeles,30526
91316,Encino,Los Angeles,30499
94580,San Lorenzo,Alameda,30488
94903,San Rafael,Marin,30427
93654,Reedley,Fresno,30373
95117,San Jose,Santa Clara,30369
95682,Shingle Springs,El Dorado,30314
95824,Sacramento,Sacramento,30296
91731,El Monte,Los Angeles,30222
94602,Oakland,Alameda,30162
92405,San Bernardino,San Bernardino,30112
92110,San Diego,San Diego,30108
95834,Sacramento,Sacramento,30076
90302,Inglewood,Los Angeles,30017
92653,Laguna Hills,Orange,30012
95966,Oroville,Butte,29860
91356,Tarzana,Los Angeles,29822
94549,Lafayette,Contra Costa,29795
90028,Los Angeles,Los Angeles,29774
93704,Fresno,Fresno,29740
91746,La Puente,Los Angeles,29709
91324,Northridge,Los Angeles,29670
91792,West Covina,Los Angeles,29619
94704,Berkeley,Alameda,29597
92694,Ladera Ranch,Orange,29570
91803,Alhambra,Los Angeles,29567
94585,Suisun City,Solano,29525
94131,San Francisco,San Francisco,29523
90039,Los Angeles,Los Angeles,29510
95603,Auburn,Placer,29474
95212,Stockton,San Joaquin,29426
93035,Oxnard,Ventura,29354
95134,San Jose,Santa Clara,29349
96150,South Lake Tahoe,El Dorado,29327
95492,Windsor,Sonoma,29271
95219,Stockton,San Joaquin,29270
91384,Castaic,Los Angeles,29212
96080,Red Bluff,Tehama,29139
90041,Los Angeles,Los Angeles,29090
92604,Irvine,Orange,28990
93401,San Luis Obispo,San Luis Obispo,28854
94518,Concord,Contra Costa,28734
92316,Bloomington,San Bernardino,28704
95204,Stockton,San Joaquin,28667
92262,Palm Springs,Riverside,28618
90038,Los Angeles,Los Angeles,28580
95133,San Jose,Santa Clara,28565
93105,Santa Barbara,Santa Barbara,28545
95961,Olivehurst,Yuba,28489
94062,Redwood City,San Mateo,28423
94510,Benicia,Solano,28350
95829,Sacramento,Sacramento,28264
90713,Lakewood,Los Angeles,28202
93901,Salinas,Monterey,28194
90405,Santa Monica,Los Angeles,28156
93280,Wasco,Kern,28138
95370,Sonora,Tuolumne,28096
90710,Harbor City,Los Angeles,28045
91364,Woodland Hills,Los Angeles,27971
95363,Patterson,Stanislaus,27908
90061,Los Angeles,Los Angeles,27873
94598,Walnut Creek,Contra Costa,27831
90017,Los Angeles,Los Angeles,27723
91103,Pasadena,Los Angeles,27659
94559,Napa,Napa,27593
95618,El Macero,Yolo,27519
94306,Palo Alto,Santa Clara,27435
90270,Maywood,Los Angeles,27287
90035,Los Angeles,Los Angeles,27272
91945,Lemon Grove,San Diego,27236
93725,Fresno,Fresno,27214
92227,Brawley,Imperial,27189
92614,Irvine,Orange,27187
95409,Santa Rosa,Sonoma,27186
94002,Belmont,San Mateo,27155
92008,Carlsbad,San Diego,27151
90746,Carson,Los Angeles,27075
92868,Orange,Orange,27072
91042,Tujunga,Los Angeles,26966
93960,Soledad,Monterey,26966
90291,Venice,Los Angeles,26950
92629,Dana Point,Orange,26877
92860,Norco,Riverside,26849
94607,Oakland,Alameda,26823
91755,Monterey Park,Los Angeles,26803
94133,San Francisco,San Francisco,26796
91741,Glendora,Los Angeles,26794
91504,Burbank,Los Angeles,26749
91724,Covina,Los Angeles,26717
91302,Calabasas,Los Angeles,26712
91932,Imperial Beach,San Diego,26492
90249,Gardena,Los Angeles,26429
90240,Downey,Los Angeles,26413
95242,Lodi,San Joaquin,26409
91010,Duarte,Los Angeles,26380
91307,West Hills,Los Angeles,26341
91301,Agoura Hills,Los Angeles,26334
92284,Yucca Valley,San Bernardino,26182
92606,Irvine,Orange,26171
94530,El Cerrito,Contra Costa,26145
91411,Van Nuys,Los Angeles,26111
91784,Upland,San Bernardino,26090
95032,Los Gatos,Santa Clara,26047
95503,Eureka,Humboldt,25972
90304,Inglewood,Los Angeles,25946
90064,Los Angeles,Los Angeles,25925
92532,Lake Elsinore,Riverside,25923
94803,El Sobrante,Contra Costa,25893
94123,San Francisco,San Francisco,25890
91740,Glendora,Los Angeles,25877
94947,Novato,Marin,25867
92832,Fullerton,Orange,25837
94402,San Mateo,San Mateo,25703
95815,Sacramento,Sacramento,25673
92411,San Bernardino,San Bernardino,25650
91030,South Pasadena,Los Angeles,25637
94547,Hercules,Contra Costa,25616
90602,Whittier,Los Angeles,25581
91106,Pasadena,Los Angeles,25543
95677,Rocklin,Placer,25477
93933,Marina,Monterey,25442
95945,Grass Valley,Nevada,25381
94506,Danville,Contra Costa,25240
95003,Aptos,Santa Cruz,25185
91403,Sherman Oaks,Los Angeles,25156
91737,Rancho Cucamonga,San Bernardino,25154
95367,Riverbank,Stanislaus,25072
90274,Palos Verdes Peninsula,Los Angeles,25061
92211,Palm Desert,Riverside,25056
91775,San Gabriel,Los Angeles,25004
95354,Modesto,Stanislaus,24923
92119,San Diego,San Diego,24831
92651,Laguna Beach,Orange,24800
95054,Santa Clara,Santa Clara,24524
90303,Inglewood,Los Angeles,24374
95215,Stockton,San Joaquin,24326
90740,Seal Beach,Orange,24307
93041,Port Hueneme,Ventura,24208
94619,Oakland,Alameda,24112
92251,Imperial,Imperial,23970
95746,Granite Bay,Placer,23934
95776,Woodland,Yolo,23911
90403,Santa Monica,Los Angeles,23902
95531,Crescent City,Del Norte,23737
94609,Oakland,Alameda,23726
94024,Los Altos,Santa Clara,23675
95969,Paradise,Butte,23572
90292,Marina Del Rey,Los Angeles,23549
92835,Fullerton,Orange,23528
93212,Corcoran,Kings,23357
95864,Sacramento,Sacramento,23352
91202,Glendale,Los Angeles,23345
95501,Eureka,Humboldt,23324
93907,Salinas,Monterey,23299
91201,Glendale,Los Angeles,23281
92602,Irvine,Orange,23238
96007,Anderson,Shasta,23228
94085,Sunnyvale,Santa Clara,23223
92844,Garden Grove,Orange,23189
92277,Twentynine Palms,San Bernardino,23172
94597,Walnut Creek,Contra Costa,23108
92782,Tustin,Orange,23084
90404,Santa Monica,Los Angeles,22929
94089,Sunnyvale,Santa Clara,22882
90732,San Pedro,Los Angeles,22780
95330,Lathrop,San Joaquin,22760
93610,Chowchilla,Madera,22724
93203,Arvin,Kern,22662
90015,Los Angeles,Los Angeles,22651
94030,Millbrae,San Mateo,22625
92118,Coronado,San Diego,22548
92225,Blythe,Riverside,22460
92108,San Diego,San Diego,22280
90720,Los Alamitos,Orange,22261
93263,Shafter,Kern,22210
92354,Loma Linda,San Bernardino,22050
95135,San Jose,Santa Clara,22015
95620,Dixon,Solano,21954
92663,Newport Beach,Orange,21951
92585,Sun City,Riverside,21907
94579,San Leandro,Alameda,21883
93560,Rosamond,Kern,21756
94596,Walnut Creek,Contra Costa,21700
94703,Berkeley,Alameda,21697
90272,Pacific Palisades,Los Angeles,21629
95818,Sacramento,Sacramento,21625
92501,Riverside,Riverside,21590
90603,Whittier,Los Angeles,21584
90717,Lomita,Los Angeles,21508
90048,Los Angeles,Los Angeles,21489
91101,Pasadena,Los Angeles,21395
93444,Nipomo,San Luis Obispo,21331
95841,Sacramento,Sacramento,21229
94706,Albany,Alameda,21218
94127,San Francisco,San Francisco,21151
90068,Los Angeles,Los Angeles,21092
95405,Santa Rosa,Sonoma,21082
95521,Arcata,Humboldt,21068
95949,Grass Valley,Nevada,21036
93630,Kerman,Fresno,20764
95138,San Jose,Santa Clara,20674
95827,Sacramento,Sacramento,20666
92865,Orange,Orange,20664
93103,Santa Barbara,Santa Barbara,20538
94019,Half Moon Bay,San Mateo,20512
91501,Burbank,Los Angeles,20511
95965,Oroville,Butte,20498
92808,Anaheim,Orange,20483
92377,Rialto,San Bernardino,20476
91011,La Canada Flintridge,Los Angeles,20301
94503,American Canyon,Napa,20276
91361,Westlake Village,Ventura,20258
90715,Lakewood,Los Angeles,20256
90069,West Hollywood,Los Angeles,20230
92106,San Diego,San Diego,20155
95391,Tracy,San Joaquin,20131
96130,Susanville,Lassen,20119
92264,Palm Springs,Riverside,20072
91040,Sunland,Los Angeles,20049
94519,Concord,Contra Costa,20041
92887,Yorba Linda,Orange,20012
95110,San Jose,Santa Clara,19928
93023,Ojai,Ventura,19895
95819,Sacramento,Sacramento,19890
95519,Mckinleyville,Humboldt,19763
90814,Long Beach,Los Angeles,19685
91602,North Hollywood,Los Angeles,19672
94563,Orinda,Contra Costa,19644
92603,Irvine,Orange,19558
90254,Hermosa Beach,Los Angeles,19539
92586,Sun City,Riverside,19472
94022,Los Altos,Santa Clara,19406
91381,Stevenson Ranch,Los Angeles,19390
92029,Escondido,San Diego,19382
90210,Beverly Hills,Los Angeles,19314
94564,Pinole,Contra Costa,19260
91390,Santa Clarita,Los Angeles,19168
91345,Mission Hills,Los Angeles,19145
94945,Novato,Marin,19043
91902,Bonita,San Diego,18896
93927,Greenfield,Monterey,18812
93268,Taft,Kern,18731
91204,Glendale,Los Angeles,18723
92082,Valley Center,San Diego,18705
94949,Novato,Marin,18695
91506,Burbank,Los Angeles,18591
91723,Covina,Los Angeles,18521
96161,Truckee,Nevada,18488
95959,Nevada City,Nevada,18343
93210,Coalinga,Fresno,18336
92371,Phelan,San Bernardino,18269
93247,Lindsay,Tulare,18234
92270,Rancho Mirage,Riverside,18193
91901,Alpine,San Diego,18162
94595,Walnut Creek,Contra Costa,18117
93015,Fillmore,Ventura,17989
90265,Malibu,Los Angeles,17954
95366,Ripon,San Joaquin,17909
90502,Torrance,Los Angeles,17778
95602,Auburn,Placer,17557
95448,Healdsburg,Sonoma,17407
91914,Chula Vista,San Diego,17379
93111,Santa Barbara,Santa Barbara,17329
94618,Oakland,Alameda,17252
92587,Sun City,Riverside,17237
92582,San Jacinto,Riverside,17219
95816,Sacramento,Sacramento,17199
93930,King City,Monterey,17067
95334,Livingston,Merced,17057
94702,Berkeley,Alameda,16860
93110,Santa Barbara,Santa Barbara,16849
90701,Artesia,Los Angeles,16801
90245,El Segundo,Los Angeles,16731
90670,Santa Fe Springs,Los Angeles,16700
93013,Carpinteria,Santa Barbara,16652
95673,Rio Linda,Sacramento,16636
94301,Palo Alto,Santa Clara,16582
93728,Fresno,Fresno,16574
93402,Los Osos,San Luis Obispo,16562
94556,Moraga,Contra Costa,16428
93241,Lamont,Kern,16397
94305,Stanford,Santa Clara,16397
92610,Foothill Ranch,Orange,16360
93631,Kingsburg,Fresno,16282
92845,Garden Grove,Orange,16273
95252,Valley Springs,Calaveras,16262
96022,Cottonwood,Shasta,16253
93250,Mc Farland,Kern,16191
93648,Parlier,Fresno,16087
92637,Laguna Hills,Orange,16053
96021,Corning,Tehama,16017
94960,San Anselmo,Marin,15868
91208,Glendale,Los Angeles,15860
94612,Oakland,Alameda,15785
95422,Clearlake,Lake,15696
90623,La Palma,Orange,15662
92866,Orange,Orange,15574
93950,Pacific Grove,Monterey,15547
95963,Orland,Glenn,15492
95203,Stockton,San Joaquin,15487
91203,Glendale,Los Angeles,15410
95066,Scotts Valley,Santa Cruz,15341
92274,Thermal,Riverside,15317
91436,Encino,Los Angeles,15292
94507,Alamo,Contra Costa,15105
90305,Inglewood,Los Angeles,15042
94552,Castro Valley,Alameda,14938
95437,Fort Bragg,Mendocino,14859
95650,Loomis,Placer,14808
90232,Culver City,Los Angeles,14780
94502,Alameda,Alameda,14701
94542,Hayward,Alameda,14699
95130,San Jose,Santa Clara,14660
94041,Mountain View,Santa Clara,14572
95315,Delhi,Merced,14520
95605,West Sacramento,Yolo,14493
93543,Littlerock,Los Angeles,14392
90716,Hawaiian Gardens,Los Angeles,14285
95304,Tracy,San Joaquin,14282
95540,Fortuna,Humboldt,14196
94805,Richmond,Contra Costa,14188
93514,Bishop,Inyo,14175
94108,San Francisco,San Francisco,14143
93221,Exeter,Tulare,14129
95388,Winton,Merced,14116
95368,Salida,Stanislaus,14041
91377,Oak Park,Ventura,13853
93505,California City,Kern,13774
95817,Sacramento,Sacramento,13758
94517,Clayton,Contra Costa,13687
92408,San Bernardino,San Bernardino,13635
92014,Del Mar,San Diego,13568
93433,Grover Beach,San Luis Obispo,13535
94705,Berkeley,Alameda,13527
95030,Los Gatos,Santa Clara,13481
91108,San Marino,Los Angeles,13375
90212,Beverly Hills,Los Angeles,13314
95360,Newman,Stanislaus,13278
94904,Greenbrae,Marin,12994
95490,Willits,Mendocino,12975
93204,Avenal,Kings,12961
93640,Mendota,Fresno,12920
93923,Carmel,Monterey,12837
95320,Escalon,San Joaquin,12822
92075,Solana Beach,San Diego,12752
94920,Belvedere Tiburon,Marin,12740
90293,Playa Del Rey,Los Angeles,12728
91105,Pasadena,Los Angeles,12617
90013,Los Angeles,Los Angeles,12559
92313,Grand Terrace,San Bernardino,12547
95742,Rancho Cordova,Sacramento,12472
94065,Redwood City,San Mateo,12461
93908,Salinas,Monterey,12398
92625,Corona Del Mar,Orange,12394
95954,Magalia,Butte,12371
90040,Los Angeles,Los Angeles,12328
93301,Bakersfield,Kern,12325
95832,Sacramento,Sacramento,12114
93614,Coarsegold,Madera,11982
94709,Berkeley,Alameda,11951
95948,Gridley,Butte,11917
95814,Sacramento,Sacramento,11908
90402,Santa Monica,Los Angeles,11882
94707,Berkeley,Alameda,11767
95357,Modesto,Stanislaus,11765
92055,Camp Pendleton,San Diego,11765
93646,Orange Cove,Fresno,11738
90248,Gardena,Los Angeles,11607
95451,Kelseyville,Lake,11603
95640,Ione,Amador,11598
92007,Cardiff By The Sea,San Diego,11417
93647,Orosi,Tulare,11407
94965,Sausalito,Marin,11394
94708,Berkeley,Alameda,11394
92314,Big Bear City,San Bernardino,11385
95453,Lakeport,Lake,11369
91207,Glendale,Los Angeles,11031
95073,Soquel,Santa Cruz,11013
95425,Cloverdale,Sonoma,10984
91024,Sierra Madre,Los Angeles,10932
95953,Live Oak,Sutter,10925
93442,Morro Bay,San Luis Obispo,10917
94105,San Francisco,San Francisco,10916
95338,Mariposa,Mariposa,10827
95012,Castroville,Monterey,10780
93109,Santa Barbara,Santa Barbara,10771
93223,Farmersville,Tulare,10716
91502,Burbank,Los Angeles,10708
92567,Nuevo,Riverside,10648
94571,Rio Vista,Solano,10605
95386,Waterford,Stanislaus,10557
91978,Spring Valley,San Diego,10506
95694,Winters,Yolo,10495
95064,Santa Cruz,Santa Cruz,10486
95713,Colfax,Placer,10472
93108,Santa Barbara,Santa Barbara,10401
94572,Rodeo,Contra Costa,10384
95322,Gustine,Merced,10373
93622,Firebaugh,Fresno,10335
93219,Earlimart,Tulare,10285
96019,Shasta Lake,Shasta,10178
93701,Fresno,Fresno,10166
95326,Hughson,Stanislaus,10147
95119,San Jose,Santa Clara,10027
93286,Woodlake,Tulare,9906
92310,Fort Irwin,San Bernardino,9872
94925,Corte Madera,Marin,9838
90094,Los Angeles,Los Angeles,9827
92657,Newport Coast,Orange,9802
92254,Mecca,Riverside,9779
96097,Yreka,Siskiyou,9746
95006,Boulder Creek,Santa Cruz,9632
93546,Mammoth Lakes,Mono,9591
95033,Los Gatos,Santa Clara,9511
92252,Joshua Tree,San Bernardino,9351
93465,Templeton,San Luis Obispo,9202
93926,Gonzales,Monterey,9171
92359,Mentone,San Bernardino,9170
93644,Oakhurst,Madera,9055
95946,Penn Valley,Nevada,8977
94931,Cotati,Sonoma,8926
93620,Dos Palos,Merced,8906
95010,Capitola,Santa Cruz,8856
94574,Saint Helena,Napa,8757
92320,Calimesa,Riverside,8753
94930,Fairfax,Marin,8728
90014,Los Angeles,Los Angeles,8688
92250,Holtville,Imperial,8655
91020,Montrose,Los Angeles,8633
91935,Jamul,San Diego,8550
95065,Santa Cruz,Santa Cruz,8491
95726,Pollock Pines,El Dorado,8449
92655,Midway City,Orange,8382
90077,Los Angeles,Los Angeles,8382
95324,Hilmar,Merced,8380
95988,Willows,Glenn,8298
93449,Pismo Beach,San Luis Obispo,8180
93625,Fowler,Fresno,8059
90211,Beverly Hills,Los Angeles,8019
92325,Crestline,San Bernardino,7948
95327,Jamestown,Tuolumne,7918
93463,Solvang,Santa Barbara,7911
94710,Berkeley,Alameda,7893
92249,Heber,Imperial,7861
92548,Homeland,Riverside,7859
92067,Rancho Santa Fe,San Diego,7724
92241,Desert Hot Springs,Riverside,7699
95005,Ben Lomond,Santa Cruz,7661
93721,Fresno,Fresno,7650
90056,Los Angeles,Los Angeles,7649
93510,Acton,Los Angeles,7644
95932,Colusa,Colusa,7633
95220,Acampo,San Joaquin,7576
92233,Calipatria,Imperial,7509
94515,Calistoga,Napa,7491
93434,Guadalupe,Santa Barbara,7451
94027,Atherton,San Mateo,7415
95019,Freedom,Santa Cruz,7368
95139,San Jose,Santa Clara,7363
93234,Huron,Fresno,7355
93022,Oak View,Ventura,7179
94028,Portola Valley,San Mateo,7125
90401,Santa Monica,Los Angeles,7111
93445,Oceano,San Luis Obispo,7106
95642,Jackson,Amador,7101
96067,Mount Shasta,Siskiyou,7094
95693,Wilton,Sacramento,7037
95316,Denair,Stanislaus,7022
95631,Foresthill,Placer,6851
95018,Felton,Santa Cruz,6841
95658,Newcastle,Placer,6837
93267,Strathmore,Tulare,6788
92276,Thousand Palms,Riverside,6748
94939,Larkspur,Marin,6747
93591,Palmdale,Los Angeles,6744
92342,Helendale,San Bernardino,6737
96094,Weed,Siskiyou,6611
92356,Lucerne Valley,San Bernardino,6573
93924,Carmel Valley,Monterey,6514
92624,Capistrano Beach,Orange,6372
93615,Cutler,Tulare,6347
93240,Lake Isabella,Kern,6327
95683,Sloughhouse,Sacramento,6326
95436,Forestville,Sonoma,6240
93427,Buellton,Santa Barbara,6200
92372,Pinon Hills,San Bernardino,6071
95202,Stockton,San Joaquin,6066
95626,Elverta,Sacramento,6065
95987,Williams,Colusa,5950
95971,Quincy,Plumas,5924
95046,San Martin,Santa Clara,5918
93428,Cambria,San Luis Obispo,5859
92861,Villa Park,Orange,5822
93656,Riverdale,Fresno,5806
95619,Diamond Springs,El Dorado,5718
90290,Topanga,Los Angeles,5681
92352,Lake Arrowhead,San Bernardino,5578
95470,Redwood Valley,Mendocino,5561
95709,Camino,El Dorado,5498
95249,San Andreas,Calaveras,5444
93256,Pixley,Tulare,5431
95912,Arbuckle,Colusa,5380
93270,Terra Bella,Tulare,5367
92363,Needles,San Bernardino,5348
93460,Santa Ynez,Santa Barbara,5284
95672,Rescue,El Dorado,5266
96101,Alturas,Modoc,5262
95692,Wheatland,Yuba,5251
92315,Big Bear Lake,San Bernardino,5247
93609,Caruthers,Fresno,5177
95446,Guerneville,Sonoma,5168
95231,French Camp,San Joaquin,5165
95666,Pioneer,Amador,5164
92003,Bonsall,San Diego,5160
92590,Temecula,Riverside,5154
92210,Indian Wells,Riverside,5138
95722,Meadow Vista,Placer,5123
95222,Angels Camp,Calaveras,5029
92278,Twentynine Palms,San Bernardino,4890
92823,Brea,Orange,4872
96013,Burney,Shasta,4819
93501,Mojave,Kern,4802
93225,Frazier Park,Kern,4782
95365,Planada,Merced,4775
92121,San Diego,San Diego,4729
93272,Tipton,Tulare,4707
94005,Brisbane,San Mateo,4697
96088,Shingletown,Shasta,4690
95685,Sutter Creek,Amador,4665
94951,Penngrove,Sonoma,4574
92397,Wrightwood,San Bernardino,4562
92539,Anza,Riverside,4557
95228,Copperopolis,Calaveras,4541
96064,Montague,Siskiyou,4533
95328,Keyes,Stanislaus,4480
93451,San Miguel,San Luis Obispo,4477
92382,Running Springs,San Bernardino,4462
95938,Durham,Butte,4446
91906,Campo,San Diego,4428
95614,Cool,El Dorado,4359
95665,Pine Grove,Amador,4303
93202,Armona,Kings,4273
95004,Aromas,Monterey,4218
95045,San Juan Bautista,San Benito,4217
93235,Ivanhoe,Tulare,4215
95236,Linden,San Joaquin,4199
95633,Garden Valley,El Dorado,4188
95655,Mather,Sacramento,4156
94129,San Francisco,San Francisco,4136
93660,San Joaquin,Fresno,4090
93953,Pebble Beach,Monterey,4028
95247,Murphys,Calaveras,4024
91708,Chino,San Bernardino,4009
95379,Tuolumne,Tuolumne,4003
96073,Palo Cedro,Shasta,3980
90704,Avalon,Los Angeles,3979
94508,Angwin,Napa,3935
93675,Squaw Valley,Fresno,3905
96055,Los Molinos,Tehama,3866
95053,Santa Clara,Santa Clara,3862
94304,Palo Alto,Santa Clara,3852
94535,Travis Afb,Solano,3842
90010,Los Angeles,Los Angeles,3822
95627,Esparto,Yolo,3802
90089,Los Angeles,Los Angeles,3786
95423,Clearlake Oaks,Lake,3751
92140,San Diego,San Diego,3737
95917,Biggs,Butte,3717
95623,El Dorado,El Dorado,3665
95237,Lockeford,San Joaquin,3639
96035,Gerber,Tehama,3629
94111,San Francisco,San Francisco,3611
95383,Twain Harte,Tuolumne,3611
95258,Woodbridge,San Joaquin,3599
96143,Kings Beach,Placer,3585
96093,Weaverville,Trinity,3570
95634,Georgetown,El Dorado,3559
93523,Edwards,Kern,3556
95321,Groveland,Tuolumne,3541
93602,Auberry,Fresno,3530
93242,Laton,Fresno,3474
95546,Hoopa,Humboldt,3466
94038,Moss Beach,San Mateo,3450
92661,Newport Beach,Orange,3445
95562,Rio Dell,Humboldt,3401
93437,Lompoc,Santa Barbara,3387
93265,Springville,Tulare,3379
93921,Carmel,Monterey,3316
94525,Crockett,Contra Costa,3290
96114,Janesville,Lassen,3267
96122,Portola,Plumas,3266
95982,Sutter,Sutter,3259
91330,Northridge,Los Angeles,3257
96137,Westwood,Lassen,3252
95457,Lower Lake,Lake,3227
93066,Somis,Ventura,3220
95442,Glen Ellen,Sonoma,3213
93650,Fresno,Fresno,3173
94964,San Quentin,Marin,3155
95684,Somerset,El Dorado,3129
94599,Yountville,Napa,3108
92256,Morongo Valley,San Bernardino,3100
92536,Aguanga,Riverside,3076
94130,San Francisco,San Francisco,3008
95458,Lucerne,Lake,2960
90021,Los Angeles,Los Angeles,2945
96041,Hayfork,Trinity,2934
95918,Browns Valley,Yuba,2915
95536,Ferndale,Humboldt,2899
93430,Cayucos,San Luis Obispo,2847
94720,Berkeley,Alameda,2845
93643,North Fork,Madera,2783
92365,Newberry Springs,San Bernardino,2733
90058,Los Angeles,Los Angeles,2718
92230,Cabazon,Riverside,2705
95951,Hamilton City,Glenn,2686
93532,Lake Hughes,Los Angeles,2683
95223,Arnold,Calaveras,2666
92061,Pauma Valley,San Diego,2660
96032,Fort Jones,Siskiyou,2653
95485,Upper Lake,Lake,2650
92275,Salton City,Imperial,2632
92036,Julian,San Diego,2593
92281,Westmorland,Imperial,2591
93616,Del Rey,Fresno,2582
95428,Covelo,Mendocino,2580
93453,Santa Margarita,San Luis Obispo,2578
95329,La Grange,Stanislaus,2570
95461,Middletown,Lake,2567
95333,Le Grand,Merced,2539
92662,Newport Beach,Orange,2519
92549,Idyllwild,Riverside,2517
95460,Mendocino,Mendocino,2508
95464,Nice,Lake,2505
94037,Montara,San Mateo,2504
95663,Penryn,Placer,2493
93252,Maricopa,Kern,2488
93271,Three Rivers,Tulare,2479
93285,Wofford Heights,Kern,2477
93261,Richgrove,Tulare,2434
92285,Landers,San Bernardino,2430
90067,Los Angeles,Los Angeles,2428
93626,Friant,Fresno,2427
93667,Tollhouse,Fresno,2405
96020,Chester,Plumas,2369
95002,Alviso,Santa Clara,2348
95570,Trinidad,Humboldt,2338
96027,Etna,Siskiyou,2327
95669,Plymouth,Amador,2315
92004,Borrego Springs,San Diego,2299
93283,Weldon,Kern,2261
92401,San Bernardino,San Bernardino,2257
95445,Gualala,Mendocino,2257
92386,Sugarloaf,San Bernardino,2248
93516,Boron,Kern,2244
95465,Occidental,Sonoma,2244
95690,Walnut Grove,Sacramento,2215
92398,Yermo,San Bernardino,2195
94511,Bethel Island,Contra Costa,2161
96145,Tahoe City,Placer,2147
95638,Herald,Sacramento,2126
96025,Dunsmuir,Siskiyou,2126
95113,San Jose,Santa Clara,2107
95454,Laytonville,Mendocino,2107
91962,Pine Valley,San Diego,2106
93925,Chualar,Monterey,2073
92676,Silverado,Orange,2068
96134,Tulelake,Siskiyou,2059
95372,Soulsbyville,Tuolumne,2056
93205,Bodfish,Kern,2030
92273,Seeley,Imperial,2010
92391,Twin Peaks,San Bernardino,1959
93258,Porterville,Tulare,1952
91916,Descanso,San Diego,1939
96113,Herlong,Lassen,1925
95469,Potter Valley,Mendocino,1911
95311,Coulterville,Mariposa,1893
92145,San Diego,San Diego,1883
95645,Knights Landing,Yolo,1881
95975,Rough And Ready,Nevada,1877
93249,Lost Hills,Kern,1875
95310,Columbia,Tuolumne,1874
95542,Garberville,Humboldt,1871
90263,Malibu,Los Angeles,1838
93040,Piru,Ventura,1827
93545,Lone Pine,Inyo,1821
95421,Cazadero,Sonoma,1808
95567,Smith River,Del Norte,1802
93651,Prather,Fresno,1798
95441,Geyserville,Sonoma,1797
96118,Loyalton,Sierra,1779
93562,Trona,San Bernardino,1771
95319,Empire,Stanislaus,1745
95245,Mokelumne Hill,Calaveras,1717
93553,Pearblossom,Los Angeles,1709
93206,Buttonwillow,Kern,1704
95689,Volcano,Amador,1698
94020,La Honda,San Mateo,1697
92283,Winterhaven,Imperial,1684
95374,Stevinson,Merced,1682
93601,Ahwahnee,Madera,1674
95524,Bayside,Humboldt,1668
93440,Los Alamos,Santa Barbara,1659
95947,Greenville,Plumas,1657
95903,Beale Afb,Yuba,1653
95211,Stockton,San Joaquin,1624
93513,Big Pine,Inyo,1621
95560,Redway,Humboldt,1615
95664,Pilot Hill,El Dorado,1603
93222,Frazier Park,Kern,1583
93201,Alpaugh,Tulare,1580
96052,Lewiston,Trinity,1574
95573,Willow Creek,Humboldt,1568
93426,Bradley,Monterey,1568
95449,Hopland,Mendocino,1560
93527,Inyokern,Kern,1559
93920,Big Sur,Monterey,1545
92086,Warner Springs,San Diego,1543
95937,Dunnigan,Yolo,1540
93243,Lebec,Kern,1532
96056,Mcarthur,Shasta,1530
93432,Creston,San Luis Obispo,1503
95641,Isleton,Sacramento,1489
95977,Smartville,Yuba,1488
94514,Byron,Contra Costa,1475
91905,Boulevard,San Diego,1472
92059,Pala,San Diego,1464
92561,Mountain Center,Riverside,1462
95528,Carlotta,Humboldt,1437
96107,Coleville,Mono,1433
95389,Yosemite National Park,Mariposa,1417
95551,Loleta,Humboldt,1416
96103,Blairsden-Graeagle,Plumas,1401
95525,Blue Lake,Humboldt,1401
95415,Boonville,Mendocino,1388
95955,Maxwell,Colusa,1386
93653,Raymond,Madera,1377
92282,White Water,Riverside,1372
96028,Fall River Mills,Shasta,1368
95916,Berry Creek,Butte,1359
96051,Lakehead,Shasta,1358
95426,Cobb,Lake,1350
93461,Shandon,San Luis Obispo,1349
93266,Stratford,Kings,1337
95962,Oregon House,Yuba,1324
95612,Clarksburg,Yolo,1321
92091,Rancho Santa Fe,San Diego,1313
92242,Earp,San Bernardino,1312
95313,Crows Landing,Stanislaus,1305
95323,Hickman,Stanislaus,1299
95255,West Point,Calaveras,1289
92257,Niland,Imperial,1281
95468,Point Arena,Mendocino,1280
93608,Cantua Creek,Fresno,1280
95686,Thornton,San Joaquin,1262
95548,Klamath,Del Norte,1251
95346,Mi Wuk Village,Tuolumne,1251
93239,Kettleman City,Kings,1246
95681,Sheridan,Placer,1246
96057,Mccloud,Siskiyou,1235
95968,Palermo,Butte,1231
94973,Woodacre,Marin,1228
93668,Tranquillity,Fresno,1219
94957,Ross,Marin,1219
95317,El Nido,Merced,1203
95636,Grizzly Flats,El Dorado,1195
96008,Bella Vista,Shasta,1191
96023,Dorris,Siskiyou,1184
91963,Potrero,San Diego,1182
94575,Moraga,Contra Costa,1178
93544,Llano,Los Angeles,1164
95246,Mountain Ranch,Calaveras,1159
94956,Point Reyes Station,Marin,1146
96146,Olympic Valley,Placer,1145
95497,The Sea Ranch,Sonoma,1134
94924,Bolinas,Marin,1127
95462,Monte Rio,Sonoma,1124
95303,Ballico,Merced,1110
92339,Forest Falls,San Bernardino,1077
94922,Bodega,Sonoma,1075
95039,Moss Landing,Monterey,1074
95547,Hydesville,Humboldt,1063
95635,Greenwood,El Dorado,1058
92321,Cedar Glen,San Bernardino,1042
96062,Millville,Shasta,1042
95254,Wallace,Calaveras,1035
93606,Biola,Fresno,1035
95369,Snelling,Merced,1024
92518,March Air Force Base,Riverside,1021
92368,Oro Grande,San Bernardino,1019
95410,Albion,Mendocino,997
91917,Dulzura,San Diego,986
95466,Philo,Mendocino,976
95919,Brownsville,Yuba,971
96044,Hornbrook,Siskiyou,963
95589,Whitethorn,Humboldt,963
90073,Los Angeles,Los Angeles,953
96140,Carnelian Bay,Placer,953
94592,Vallejo,Solano,952
95629,Fiddletown,Amador,940
95942,Forest Ranch,Butte,934
95659,Nicolaus,Sutter,932
95549,Kneeland,Humboldt,929
96120,Markleeville,Alpine,926
94060,Pescadero,San Mateo,926
93441,Los Olivos,Santa Barbara,922
94938,Lagunitas,Marin,920
95452,Kenwood,Sonoma,919
95701,Alta,Placer,915
96039,Happy Camp,Siskiyou,904
96142,Tahoma,El Dorado,885
95957,Meridian,Sutter,879
95943,Glenn,Glenn,871
93624,Five Points,Fresno,871
93218,Ducor,Tulare,871
93666,Sultana,Tulare,866
94613,Oakland,Alameda,855
93928,Jolon,Monterey,854
96047,Igo,Shasta,849
96024,Douglas City,Trinity,846
96104,Cedarville,Modoc,842
95230,Farmington,San Joaquin,840
95456,Littleriver,Mendocino,838
94933,Forest Knolls,Marin,837
94586,Sunol,Alameda,831
95922,Camptonville,Yuba,831
95703,Applegate,Placer,831
93518,Caliente,Kern,814
96109,Doyle,Lassen,812
94923,Bodega Bay,Sonoma,808
95345,Midpines,Mariposa,802
96069,Oak Run,Shasta,800
93424,Avila Beach,San Luis Obispo,795
95652,Mcclellan,Sacramento,789
93254,New Cuyama,Santa Barbara,786
92070,Santa Ysabel,San Diego,786
95941,Forbestown,Butte,775
95674,Rio Oso,Sutter,767
95553,Miranda,Humboldt,767
93450,San Ardo,Monterey,767
95565,Scotia,Humboldt,762
93673,Traver,Tulare,754
95914,Bangor,Butte,752
93665,South Dos Palos,Merced,752
95552,Mad River,Trinity,750
94937,Inverness,Marin,742
92327,Daggett,San Bernardino,737
95830,Sacramento,Sacramento,734
96038,Grenada,Siskiyou,732
95043,Paicines,San Benito,731
96048,Junction City,Trinity,730
95439,Fulton,Sonoma,728
92358,Lytle Creek,San Bernardino,722
93932,Lockwood,Monterey,709
95432,Elk,Mendocino,706
95543,Gasquet,Del Norte,705
95444,Graton,Sonoma,705
95615,Courtland,Sacramento,704
96096,Whitmore,Shasta,703
92347,Hinkley,San Bernardino,702
94970,Stinson Beach,Marin,698
92066,Ranchita,San Diego,693
90742,Sunset Beach,Orange,692
93255,Onyx,Kern,691
96128,Standish,Lassen,685
95960,North San Juan,Nevada,684
95017,Davenport,Santa Cruz,681
93238,Kernville,Kern,673
92322,Cedarpines Park,San Bernardino,672
95563,Salyer,Trinity,665
95668,Pleasant Grove,Sutter,664
94946,Nicasio,Marin,658
93452,San Simeon,San Luis Obispo,658
94567,Pope Valley,Napa,658
92305,Angelus Oaks,San Bernardino,657
95306,Catheys Valley,Mariposa,654
95227,Clements,San Joaquin,654
95459,Manchester,Mendocino,641
93517,Bridgeport,Mono,641
95387,Westley,Stanislaus,636
92135,San Diego,San Diego,635
93526,Independence,Inyo,629
95251,Vallecito,Calaveras,625
95651,Lotus,El Dorado,624
96091,Trinity Center,Trinity,618
95970,Princeton,Colusa,616
91931,Guatay,San Diego,613
95939,Elk Creek,Glenn,605
95556,Orleans,Humboldt,598
92678,Trabuco Canyon,Orange,584
95653,Madison,Yolo,581
96148,Tahoe Vista,Placer,580
95471,Rio Nido,Sonoma,573
92309,Baker,San Bernardino,572
95675,River Pines,Amador,566
92258,North Palm Springs,Riverside,559
96058,Macdoel,Siskiyou,553
93954,San Lucas,Monterey,551
95233,Hathaway Pines,Calaveras,548
96087,Shasta,Shasta,544
96059,Manton,Tehama,542
93604,Bass Lake,Madera,541
93652,Raisin,Fresno,540
96084,Round Mountain,Shasta,536
91210,Glendale,Los Angeles,529
95420,Caspar,Mendocino,523
95714,Dutch Flat,Placer,522
92147,San Diego,San Diego,518
94021,Loma Mar,San Mateo,511
95554,Myers Flat,Humboldt,508
95527,Burnt Ranch,Trinity,499
96033,French Gulch,Shasta,490
96090,Tehama,Tehama,481
93224,Fellows,Kern,471
95075,Tres Pinos,San Benito,459
96124,Calpine,Sierra,458
95585,Leggett,Mendocino,457
92155,San Diego,San Diego,456
92268,Pioneertown,San Bernardino,455
92328,Death Valley,Inyo,438
95555,Orick,Humboldt,437
95041,Mount Hermon,Santa Cruz,436
94104,San Francisco,San Francisco,429
96016,Cassel,Shasta,424
95558,Petrolia,Humboldt,416
95385,Vernalis,San Joaquin,415
95979,Stonyford,Colusa,414
93962,Spreckels,Monterey,414
93067,Summerland,Santa Barbara,410
96129,Beckwourth,Plumas,408
95257,Wilseyville,Calaveras,407
94963,San Geronimo,Marin,404
96065,Montgomery Creek,Shasta,403
96141,Homewood,Placer,403
95412,Annapolis,Sonoma,397
92333,Fawnskin,San Bernardino,392
93529,June Lake,Mono,390
95607,Capay,Yolo,389
95564,Samoa,Humboldt,389
96006,Adin,Modoc,389
94528,Diablo,Contra Costa,384
96050,Klamath River,Siskiyou,381
93664,Shaver Lake,Fresno,380
95983,Taylorsville,Plumas,380
95225,Burson,Calaveras,378
94548,Knightsen,Contra Costa,377
95493,Witter Springs,Lake,377
95007,Brookdale,Santa Cruz,374
96105,Chilcoot,Plumas,372
95569,Redcrest,Humboldt,371
96063,Mineral,Tehama,359
96121,Milford,Lassen,358
93563,Valyermo,Los Angeles,357
95417,Branscomb,Mendocino,356
96117,Litchfield,Lassen,355
95950,Grimes,Colusa,350
96075,Paynes Creek,Tehama,350
95956,Meadow Valley,Plumas,348
96092,Vina,Tehama,343
93531,Keene,Kern,338
95639,Hood,Sacramento,335
93512,Benton,Mono,328
95984,Twain,Plumas,327
91934,Jacumba,San Diego,323
96009,Bieber,Lassen,321
96015,Canby,Modoc,320
96054,Lookout,Modoc,319
95920,Butte City,Glenn,315
93244,Lemon Cove,Tulare,308
91759,Mt Baldy,Los Angeles,307
95571,Weott,Humboldt,304
96135,Vinton,Plumas,301
95837,Sacramento,Sacramento,300
95435,Finley,Lake,299
93549,Olancha,Inyo,293
95736,Weimar,Placer,289
94940,Marshall,Marin,287
92134,San Diego,San Diego,285
96076,Platina,Shasta,284
96037,Greenview,Siskiyou,279
96034,Gazelle,Siskiyou,279
96086,Seiad Valley,Siskiyou,278
95925,Challenge,Yuba,276
95312,Cressey,Merced,276
96106,Clio,Plumas,274
95568,Somes Bar,Siskiyou,274
95637,Guinda,Yolo,268
95511,Alderpoint,Humboldt,262
95935,Dobbins,Yuba,261
93207,California Hot Springs,Tulare,256
94929,Dillon Beach,Marin,254
95537,Fields Landing,Humboldt,251
95606,Brooks,Yolo,249
93627,Helm,Fresno,247
95978,Stirling City,Butte,245
93541,Lee Vining,Mono,244
93669,Wishon,Madera,238
90743,Surfside,Orange,236
92378,Rimforest,San Bernardino,234
95728,Soda Springs,Nevada,231
95450,Jenner,Sonoma,227
92239,Desert Center,Riverside,227
95427,Comptche,Mendocino,226
94971,Tomales,Marin,226
93260,Posey,Tulare,226
96112,Fort Bidwell,Modoc,224
93641,Miramonte,Fresno,223
92341,Green Valley Lake,San Bernardino,222
95318,El Portal,Mariposa,220
92385,Skyforest,San Bernardino,216
96068,Nubieber,Lassen,204
93251,Mc Kittrick,Kern,202
96011,Big Bend,Shasta,199
93605,Big Creek,Fresno,198
95526,Bridgeville,Humboldt,196
95443,Glenhaven,Lake,193
95697,Yolo,Yolo,183
94569,Port Costa,Contra Costa,180
95488,Westport,Mendocino,179
95717,Gold Run,Placer,176
93603,Badger,Tulare,175
96116,Likely,Modoc,172
95494,Yorkville,Mendocino,171
94074,San Gregorio,San Mateo,170
92389,Tecopa,Inyo,168
95224,Avery,Calaveras,167
96029,Flournoy,Tehama,167
92060,Palomar Mountain,San Diego,166
93524,Edwards,Kern,165
96074,Paskenta,Tehama,164
95232,Glencoe,Calaveras,161
95431,Eldridge,Sonoma,161
91046,Verdugo City,Los Angeles,158
95936,Downieville,Sierra,158
95335,Long Barn,Tuolumne,153
95601,Amador City,Amador,151
93645,O Neals,Madera,148
95698,Zamora,Yolo,148
95934,Crescent Mills,Plumas,146
94128,San Francisco,San Mateo,146
93429,Casmalia,Santa Barbara,144
93276,Tupman,Kern,144
93043,Port Hueneme Cbc Base,Ventura,144
96017,Castella,Shasta,140
95514,Blocksburg,Humboldt,140
95595,Zenia,Trinity,139
95463,Navarro,Mendocino,136
93621,Dunlap,Fresno,136
96014,Callahan,Siskiyou,135
90822,Long Beach,Los Angeles,133
96031,Forks Of Salmon,Siskiyou,133
91948,Mount Laguna,San Diego,130
90071,Los Angeles,Los Angeles,126
96133,Topaz,Mono,126
96125,Sierra City,Sierra,126
96110,Eagleville,Modoc,126
93554,Randsburg,Kern,125
96040,Hat Creek,Shasta,124
94950,Olema,Marin,123
95910,Alleghany,Sierra,123
96010,Big Bar,Trinity,122
93226,Glennville,Kern,121
92259,Ocotillo,Imperial,121
93528,Johannesburg,Kern,119
93042,Point Mugu Nawc,Ventura,118
95545,Honeydew,Humboldt,118
95429,Dos Rios,Mendocino,116
96115,Lake City,Modoc,115
96046,Hyampom,Trinity,115
93592,Trona,San Bernardino,115
93623,Fish Camp,Mariposa,114
92266,Palo Verde,Imperial,112
93208,Camp Nelson,Tulare,106
95248,Rail Road Flat,Calaveras,106
94576,Deer Park,Napa,105
95715,Emigrant Gap,Placer,104
94516,Canyon,Contra Costa,103
95720,Kyburz,El Dorado,103
95140,Mount Hamilton,Santa Clara,102
93522,Darwin,Inyo,100
92332,Essex,San Bernardino,97
95314,Dardanelle,Tuolumne,95
95550,Korbel,Humboldt,94
96049,Redding,Shasta,90
95604,Auburn,Placer,85
96126,Sierraville,Sierra,85
95013,Coyote,Santa Clara,85
96111,Floriston,Nevada,83
93628,Hume,Fresno,83
95646,Kirkwood,Alpine,80
96108,Davis Creek,Modoc,80
95325,Hornitos,Mariposa,78
95625,Elmira,Solano,74
93287,Woody,Kern,72
95930,Clipper Mills,Butte,72
95559,Phillipsville,Humboldt,70
95974,Richvale,Butte,65
93220,Edison,Kern,65
96119,Madeline,Lassen,59
95679,Rumsey,Yolo,56
95986,Washington,Nevada,56
96085,Scott Bar,Siskiyou,54
93262,Sequoia National Park,Tulare,53
95587,Piercy,Mendocino,51
95486,Villa Grande,Sonoma,51
96132,Termo,Lassen,50
96136,Wendel,Lassen,44
95981,Strawberry Valley,Yuba,39
94573,Rutherford,Napa,36
96071,Old Station,Shasta,31
95923,Canyondam,Plumas,28
93558,Red Mountain,San Bernardino,26
95944,Goodyears Bar,Sierra,26
96123,Ravendale,Lassen,25
94972,Valley Ford,Sonoma,25
92304,Amboy,San Bernardino,23
95724,Norden,Nevada,22
93634,Lakeshore,Fresno,22
91608,Universal City,Los Angeles,21
95699,Drytown,Amador,21
96061,Mill Creek,Tehama,21
92384,Shoshone,Inyo,17
94512,Birds Landing,Solano,16
95735,Twin Bridges,El Dorado,12
93530,Keeler,Inyo,10
95680,Ryde,Sacramento,10
95430,Duncans Mills,Sonoma,7
92267,Parker Dam,San Bernardino,6
92364,Nipton,San Bernardino,6
95375,Strawberry,Tuolumne,5
95250,Sheep Ranch,Calaveras,0
95234,Holt,San Joaquin,0
95226,Campo Seco,Calaveras,0
96155,South Lake Tahoe,El Dorado,0
95915,Belden,Plumas,0
95721,Echo Lake,El Dorado,0
95364,Pinecrest,Tuolumne,0
95305,Big Oak Flat,Tuolumne,0
94850,Richmond,Contra Costa,0
90095,Los Angeles,Los Angeles,0
90079,Los Angeles,Los Angeles,0
90506,Torrance,Los Angeles,0
91980,Tecate,San Diego,0
91371,Woodland Hills,Los Angeles,0
90831,Long Beach,Los Angeles,0
90747,Carson,Los Angeles,0
92338,Ludlow,San Bernardino,0
92280,Vidal,San Bernardino,0
92222,Bard,Imperial,0
92132,San Diego,San Diego,0
93943,Monterey,Monterey,0
93410,San Luis Obispo,San Luis Obispo,0
93633,Kings Canyon National Pk,Tulare,0
93519,Cantil,Kern,0
93064,Brandeis,Ventura,0